GO,SRR5788441,SRR5788451,SRR5788461,SRR5787992,SRR5788002,SRR5788012,SRR5788022,SRR5788032,SRR5788042,SRR5788052,SRR5788062,SRR5788072,SRR5788082,SRR5788092,SRR5788102,SRR5788112,SRR5788122,SRR5788132,SRR5788142,SRR5788152,SRR5788162,SRR5788172,SRR5788182,SRR5788192,SRR5788202,SRR5788212,SRR5788222,SRR5788232,SRR5788242,SRR5788252,SRR5788262,SRR5788272,SRR5788282,SRR5788292,SRR5788302,SRR5788312,SRR5788322,SRR5788332,SRR5788342,SRR5788352,SRR5788362,SRR5788372,SRR5788382,SRR5788392,SRR5788402,SRR5788412,SRR5788422,SRR5788432,SRR5788442,SRR5788452,SRR5788462,SRR5787993,SRR5788003,SRR5788013,SRR5788023,SRR5788033,SRR5788043,SRR5788053,SRR5788063,SRR5788073,SRR5788083,SRR5788093,SRR5788103,SRR5788113,SRR5788123,SRR5788133,SRR5788143,SRR5788153,SRR5788163,SRR5788173,SRR5788183,SRR5788193,SRR5788203,SRR5788213,SRR5788223,SRR5788233,SRR5788243,SRR5788253,SRR5788263,SRR5788273,SRR5788283,SRR5788293,SRR5788303,SRR5788313,SRR5788323,SRR5788333,SRR5788343,SRR5788353,SRR5788363,SRR5788373,SRR5788383,SRR5788393,SRR5788403,SRR5788413,SRR5788423,SRR5788433,SRR5788443,SRR5788453,SRR5788463,SRR5787994,SRR5788004,SRR5788014,SRR5788024,SRR5788034,SRR5788044,SRR5788054,SRR5788064,SRR5788074,SRR5788084,SRR5788094,SRR5788104,SRR5788114,SRR5788124,SRR5788134,SRR5788144,SRR5788154,SRR5788164,SRR5788174,SRR5788184,SRR5788194,SRR5788204,SRR5788214,SRR5788224,SRR5788234,SRR5788244,SRR5788254,SRR5788264,SRR5788274,SRR5788284,SRR5788294,SRR5788304,SRR5788314,SRR5788324,SRR5788334,SRR5788344,SRR5788354
GO:0003824,4.877791613,5.859849525,5.965071346,6.00889003,5.777455098,6.05304193,5.968609016,5.692419462,5.741471487,5.870915159,5.846864503,5.762439974,6.067316031,5.906013782,5.906080102,6.187951981,5.760544612,6.128622821,5.744453369,5.93662381,6.093504333,5.808845403,5.966155348,5.853689088,5.753179981,5.936967404,5.981742973,6.075342174,5.773721369,5.976093546,5.851916021,5.675650967,5.861706422,5.865036426,5.033222647,5.97236347,5.909873077,5.706191874,6.017106829,5.65880481,6.028030488,5.84992467,5.968777048,5.94637267,5.816093416,6.177406625,6.031540147,5.85621456,4.876391062,6.002211866,5.958354091,5.773211392,5.884610735,5.553276046,5.678832378,5.723509853,5.889928875,5.803105987,5.751761642,5.904279951,5.822551188,5.872176675,5.72328077,5.819543278,5.836744279,5.77267736,5.971563891,5.877484801,6.031943024,5.831972739,5.941924164,5.960144339,5.75247331,6.020648783,6.008092347,5.849733196,5.768234693,5.849649707,5.97343914,5.738394435,6.746449234,5.805610268,5.913455147,6.042180018,5.91056678,5.872289164,6.081149201,5.832889392,5.702564079,6.127893914,5.997754548,5.784100681,5.513972297,6.062106821,5.993360388,5.990508454,5.115234293,5.989159598,5.70610473,5.832416935,5.812115527,5.948870006,5.840804045,5.937023639,5.909557634,5.920863397,6.032432192,5.887366327,5.979349391,5.909490238,5.83349135,5.913122669,5.657967488,5.826778826,5.808471606,5.911294536,6.014022957,5.943011973,5.869204722,5.917395215,6.088920301,6.127894561,5.9899159,5.727751034,5.616424047,5.899383801,5.754418673,6.286348219,5.685378929,6.035376099,5.837072407,5.904343288,5.794348604,5.883329769,6.243249933,5.798534634
GO:0005524,4.773340223,5.76129171,5.876507659,5.847631877,5.623142772,5.966591288,5.879850219,5.620058979,5.638127694,5.772818074,5.753021253,5.635604367,5.858571483,5.813821752,5.809129247,6.105206583,5.711828311,6.036772572,5.641309484,5.844092416,6.004200529,5.69941623,5.886664408,5.671777101,5.661306186,5.830827241,5.78308565,5.936742893,5.602169637,5.898257735,5.754993945,5.486919051,5.68731399,5.76855671,4.928605779,5.862067543,5.692726216,5.60608887,5.90960951,5.563178398,5.935162011,5.700372246,5.881497639,5.859872313,5.695195263,5.991181314,5.882248961,5.717403355,4.774925521,5.795968257,5.856302239,5.662429154,5.777238273,5.477238498,5.496962841,5.652928682,5.779380011,5.711195413,5.590362487,5.762887785,5.684515927,5.760377242,5.563542784,5.73428525,5.743009332,5.676759435,5.793186701,5.678959733,5.938429655,5.746875407,5.844178845,5.815766964,5.658558931,5.818579521,5.831849306,5.764096891,5.581594709,5.765285492,5.885910526,5.642255732,6.626409254,5.709948863,5.810840508,5.949775821,5.798228574,5.78819737,5.97271554,5.733814151,5.612289963,5.983656502,5.811035824,5.691990701,5.415113636,5.880433418,5.903575582,5.870329565,4.979789582,5.779776088,5.597173939,5.692764105,5.707680865,5.753781395,5.753054997,5.850758316,5.790975123,5.8313168,5.837192469,5.752972933,5.799669248,5.809733398,5.728098813,5.823865961,5.56135902,5.739804855,5.744662172,5.796128016,5.930312142,5.834465848,5.774600167,5.809605498,5.906425017,5.939398931,5.906824559,5.658784802,5.425429873,5.82432503,5.667639706,6.192622643,5.575535372,5.940550849,5.728674311,5.683248821,5.704056095,5.792000648,6.078843451,5.700838656
GO:0016491,4.559786968,5.480262842,5.612459604,5.673839854,5.467881765,5.704517709,5.603082636,5.381595158,5.377189646,5.522809253,5.523842677,5.489050995,5.74251068,5.541999607,5.542267579,5.873067044,5.391823971,5.754504287,5.424131586,5.58949162,5.747816391,5.460897843,5.603716917,5.516958225,5.462588147,5.653630201,5.654741431,5.778352427,5.426638115,5.619499248,5.48834339,5.348524876,5.536013971,5.525108326,4.728418718,5.628812799,5.586326199,5.358663773,5.711240168,5.3339347,5.67010849,5.568269797,5.627733417,5.57237548,5.463066895,5.843118737,5.697829789,5.56424932,4.564938153,5.672627928,5.606529688,5.43494396,5.518878331,5.21442259,5.349127879,5.411722376,5.530485291,5.457747199,5.418314552,5.62547811,5.495080658,5.512569672,5.410171329,5.492130135,5.471233019,5.403093055,5.651992848,5.529807503,5.678287058,5.487209102,5.591018948,5.623472584,5.458250966,5.701667266,5.677645271,5.569490954,5.423783083,5.498049899,5.595446617,5.371162103,6.442327504,5.446053831,5.60905414,5.698518103,5.583544484,5.516793098,5.719727276,5.511131716,5.350962852,5.844255934,5.666418755,5.404447125,5.159176032,5.733280744,5.631138235,5.700213778,4.810279575,5.658287158,5.343983333,5.500763238,5.449803805,5.624815095,5.477114016,5.635945944,5.547085193,5.56924044,5.701716466,5.586942696,5.658245185,5.542597643,5.514831877,5.573696442,5.288345377,5.443311501,5.436102192,5.554027363,5.660107172,5.635961007,5.517226258,5.559703189,5.763876283,5.804837016,5.645357415,5.43197617,5.262280186,5.536015235,5.385348838,5.931760348,5.384742187,5.681565932,5.540140447,5.580427703,5.422739175,5.526453006,5.902139471,5.437877346
GO:0003677,4.355164067,5.359958736,5.483913786,5.45661348,5.208247816,5.561882173,5.460294822,5.201186755,5.25093207,5.376817759,5.349879487,5.231665794,5.441349447,5.414217687,5.405633176,5.70969048,5.28543803,5.638037755,5.226207961,5.446666069,5.600971807,5.31913522,5.476359123,5.260531687,5.235248085,5.407311007,5.35894512,5.516463977,5.218855725,5.502115627,5.356702599,5.105625981,5.285039447,5.416349216,4.51509194,5.454251681,5.27194146,5.275944479,5.51000046,5.200689112,5.530693923,5.286303744,5.470848387,5.474969068,5.319591115,5.58168006,5.498515933,5.297721127,4.36763542,5.378457862,5.455983199,5.240836187,5.389720564,5.072187378,5.073083854,5.235912073,5.392644202,5.308034828,5.182234848,5.350999628,5.278467787,5.36043057,5.150440195,5.327487671,5.33581081,5.275373557,5.381344357,5.36120826,5.533426315,5.3571589,5.436374175,5.441072698,5.232625151,5.397143651,5.415892744,5.355208155,5.19809599,5.37411752,5.476417127,5.249880459,6.26308593,5.309291541,5.399658149,5.538250657,5.390762061,5.380914591,5.597041058,5.337207597,5.215367863,5.570868539,5.383100525,5.303491968,5.061769037,5.462628562,5.498002992,5.457214053,4.583153414,5.357871984,5.257570588,5.286759517,5.319326796,5.330722135,5.362885669,5.423521113,5.412284106,5.431587288,5.434798764,5.351763463,5.376757571,5.404448836,5.326958177,5.431882999,5.16413863,5.353856629,5.45017672,5.413417125,5.548730822,5.447709855,5.366757189,5.428865026,5.480098969,5.520699644,5.495938215,5.247713102,5.108788202,5.415627637,5.264376223,5.803017136,5.194597585,5.532149002,5.31725036,5.258347497,5.301990894,5.405837929,5.696382603,5.300586789
GO:0000166,4.15283851,5.163983846,5.262930211,5.270972148,5.025146048,5.367398789,5.282384171,4.995248983,5.032106814,5.161897818,5.113418541,5.050217301,5.264260436,5.202798806,5.194999703,5.500181567,5.067416814,5.447334815,5.018167704,5.238206737,5.387768779,5.048698109,5.300077848,5.064779847,5.023811948,5.201555517,5.184736845,5.328277644,5.015275907,5.320491091,5.160366473,4.881036397,5.104459796,5.174234305,4.305243858,5.25710954,5.100329182,4.989952347,5.298162895,4.937031169,5.332056517,5.084587001,5.293583513,5.259307121,5.077567744,5.402531335,5.317967278,5.090511993,4.170613703,5.204768226,5.240866118,5.069949151,5.175578489,4.857887074,4.898450919,5.022552084,5.160162286,5.096565915,5.001231648,5.146090809,5.089544815,5.138968632,4.952337091,5.15112459,5.156948736,5.083559949,5.181817872,5.060009978,5.341414739,5.123256936,5.225141219,5.214022149,5.021912521,5.215338768,5.247334851,5.140957189,4.988924431,5.18420293,5.307196421,5.045815682,6.049294018,5.110993517,5.193032719,5.354665362,5.209179781,5.17767499,5.349862023,5.123283094,5.0071202,5.399360432,5.215333477,5.099780745,4.787828725,5.286031848,5.302079719,5.258496006,4.380591083,5.181689272,4.989000161,5.103875527,5.099673737,5.156897295,5.154907606,5.214631945,5.16826171,5.223511516,5.245246087,5.168606485,5.205445271,5.191115522,5.118400319,5.234096958,4.968879703,5.151357591,5.133928321,5.175465424,5.333572204,5.230862581,5.177086101,5.183750861,5.303619342,5.342629908,5.30907417,5.01323339,4.796310624,5.234658988,5.082411932,5.593253937,4.981188673,5.341286107,5.116219096,5.078369805,5.103095278,5.175105741,5.48011766,5.116780365
GO:0003735,4.108226656,5.083294739,5.234373001,5.18134615,4.958936385,5.307067951,5.220168257,4.970741932,4.956341345,5.107501663,5.104729456,4.969816471,5.152337276,5.144493256,5.141299234,5.464148118,5.036425272,5.363766118,4.979470978,5.186930921,5.360464659,5.03588181,5.232213167,4.989400868,4.987447275,5.160135254,5.079532159,5.283721748,4.918732612,5.264683265,5.080070638,4.786083856,5.028628179,5.078746734,4.262546007,5.190326094,4.985628529,4.903827661,5.245584222,4.856535559,5.255460659,5.033729263,5.22932853,5.188095639,4.992836181,5.318461951,5.230270057,5.069693991,4.10720997,5.107732166,5.194422756,5.002783574,5.092825873,4.852955505,4.806410632,5.00204937,5.100728863,5.055584725,4.924935402,5.082034577,5.009693047,5.089127629,4.873558904,5.054815984,5.065475143,5.009370149,5.099058789,4.971762765,5.279438788,5.079318751,5.188979078,5.137433239,4.987125294,5.110811851,5.160270397,5.153772195,4.896548262,5.119061139,5.204952487,4.954541587,5.984340504,5.045080332,5.145274118,5.286674236,5.136124192,5.135304426,5.30400124,5.069645901,4.947615049,5.334361253,5.127010799,5.007103111,4.702680356,5.20435064,5.234739942,5.217415505,4.322136564,5.085176369,4.911498516,5.038365789,5.031808235,5.049435116,5.076334546,5.190454964,5.103906298,5.171887274,5.146174565,5.077335196,5.110515638,5.14134001,5.062506775,5.166433074,4.87481799,5.057593842,5.061904634,5.115091045,5.286979374,5.156543094,5.109797832,5.144493256,5.223999254,5.252280064,5.253468856,5.010893313,4.703463342,5.161879868,4.999417655,5.512074409,4.936699685,5.277964297,5.055244505,4.969783882,5.032562355,5.146751111,5.390804446,5.025600758
GO:0004812,4.031085148,5.034239302,5.143751538,5.141412143,4.90488858,5.241690889,5.155427139,4.868832455,4.895781547,5.033500152,4.970281774,4.925631763,5.139617802,5.076064886,5.067011309,5.372713213,4.93675495,5.319249759,4.891905254,5.114036883,5.26599637,4.922164716,5.179485723,4.939604106,4.894592948,5.075141674,5.061535409,5.199206479,4.886140893,5.193697711,5.033773463,4.749697676,4.985408509,5.032159245,4.177940307,5.131291377,4.974589978,4.830030206,5.172284682,4.781690764,5.198164791,4.9648675,5.168862679,5.127088593,4.935109064,5.277240079,5.195794524,4.967978314,4.045753148,5.082616645,5.118036438,4.945936111,5.038178889,4.727012299,4.774786947,4.893584236,5.022164332,4.972054653,4.880476312,5.022964207,4.966174597,5.010210883,4.829213688,5.030607817,5.029947588,4.956658177,5.055546511,4.931157727,5.215521243,4.991195054,5.102231262,5.088773767,4.89023653,5.085465403,5.127723389,5.014617131,4.864362731,5.061256399,5.182976418,4.911636933,5.927165488,4.988657041,5.068712635,5.231543496,5.08829914,5.056981037,5.218359546,5.001357219,4.87587697,5.280036302,5.091515719,4.964170027,4.636578156,5.162444914,5.174394199,5.135049921,4.252634616,5.06070917,4.835811016,4.982402406,4.961568207,5.032018068,5.01725878,5.087848828,5.028245817,5.093673783,5.122589375,5.051515248,5.081105966,5.066568168,4.989325207,5.112685419,4.838660226,5.012719148,4.986225164,5.037784942,5.205031045,5.102474869,5.060274669,5.053335869,5.17835526,5.219801881,5.184322266,4.874846959,4.653868286,5.106921475,4.955110231,5.456186812,4.857802727,5.217473416,4.990356617,4.955331704,4.973811099,5.050859033,5.354945474,4.987643924
GO:0005515,4.059525553,4.907722995,5.004798406,5.147741232,4.889010207,5.104060118,4.962236706,4.998669021,4.824399217,4.917820482,4.990622963,4.739026167,5.209072452,4.942151967,4.955172833,5.145165317,4.942226386,5.115434096,4.798498719,4.967627527,5.082419116,4.893684103,4.934478251,4.997010474,5.018879338,5.105574898,5.136000373,5.131746945,4.89444899,4.932549861,4.887836642,4.836868226,4.97091843,5.004819881,4.216192302,5.06483222,5.059302081,4.845705627,5.14463958,4.870403905,5.149268392,4.920076345,4.956874066,4.975123787,4.943944406,5.299971199,5.164424241,4.924651379,4.063295821,5.137157811,5.006821034,4.88819073,4.932494058,4.609359592,4.89457634,5.048569975,4.975923271,4.85021111,4.868973414,4.988750646,4.911013708,4.938269483,4.893156767,4.950598493,4.822534197,4.759622525,5.089240804,5.107654216,5.03580583,4.890381891,4.959012757,5.037569911,5.007273977,5.161616527,5.125185129,4.971642246,4.938759822,4.823826217,4.953822488,4.809923158,5.76612719,4.79716363,5.073729345,5.080041744,4.995758008,4.913872107,5.131204701,4.944413574,4.732659081,5.094093621,5.157888732,4.838773555,4.699967735,5.183508996,4.965963283,5.058475373,4.151951789,5.142523989,4.706290957,4.911525138,4.863078873,5.116155949,4.872994904,5.14681306,5.003727576,4.961971326,5.167420726,4.921759285,5.104128465,4.969858369,4.962520862,4.980544197,4.746836511,4.810581964,4.885689079,5.020236944,5.018737936,5.041234731,4.842109763,4.941382218,5.216007468,5.2564748,5.041976616,4.988059275,4.853613048,4.92739603,4.729099965,5.273644709,4.717071063,5.013123849,4.996454755,5.041313715,4.829760346,4.920936866,5.33977133,4.79400678
GO:0050660,3.901131251,4.884285462,4.986731437,4.974838557,4.763547782,5.087823994,4.992858256,4.735942048,4.777883353,4.901016719,4.908758378,4.799561087,5.050364287,4.934947663,4.934240828,5.22792525,4.782723382,5.1522027,4.770093174,4.966667263,5.129561002,4.834992604,4.996082419,4.838156185,4.794292814,4.986592607,4.947600349,5.070414708,4.761311274,5.011121963,4.876015662,4.628562613,4.831658652,4.911477217,4.061339367,4.990032343,4.882774911,4.786289917,5.04246919,4.723595215,5.057871414,4.880596391,5.00757283,4.983599227,4.855446464,5.167018839,5.016686601,4.874609362,3.915399835,4.972850556,4.982022347,4.779444967,4.909668332,4.59782677,4.655464994,4.760173598,4.920728411,4.831485839,4.729796326,4.940521465,4.834992604,4.895682161,4.708446396,4.856088151,4.858861895,4.799864145,4.959485005,4.825361196,5.061233769,4.865009166,4.959932928,4.957837062,4.795615886,5.014982309,4.974203018,4.90154005,4.714111719,4.884234439,4.990689524,4.763996697,5.776199786,4.82467893,4.947977475,5.071454864,4.939579151,4.897269613,5.11605955,4.864499215,4.733381861,5.155639634,4.969956114,4.809088131,4.551535385,5.05465518,5.014331491,5.035445749,4.133858125,4.95492719,4.767044494,4.830736188,4.835677891,4.933881922,4.880847877,4.974437999,4.940670851,4.949028758,5.010346607,4.917079934,4.974129272,4.92738063,4.874835372,4.937532937,4.680996878,4.858422895,4.855143453,4.93515949,5.047831498,4.983793118,4.890242122,4.94781589,5.074458036,5.108598846,5.022415998,4.780288502,4.569385616,4.932463617,4.77598888,5.323179884,4.722584568,5.061889569,4.866706659,4.88620298,4.812946763,4.914982755,5.221591571,4.823389449
GO:0005525,3.886547123,4.880967854,5.016958166,4.938829825,4.744261681,5.084890715,5.002572078,4.736436344,4.756696951,4.893317812,4.863138395,4.761266125,4.966793858,4.937026149,4.94492168,5.2217975,4.821847473,5.157233065,4.776730233,4.974249102,5.140108761,4.855434348,5.000611924,4.779242852,4.795532443,4.966615677,4.900290642,5.059786755,4.703824244,4.997224695,4.87026341,4.587138262,4.813247301,4.842989705,4.053961507,4.964042665,4.813434198,4.688624462,5.035741838,4.667284806,5.041822818,4.853752951,4.998629813,4.966151123,4.80497041,5.093169441,4.959480237,4.854809895,3.890253305,4.9097218,4.9971635,4.757099818,4.878556262,4.587890481,4.61589747,4.772878889,4.902051869,4.837177937,4.692370961,4.907739108,4.786843664,4.899858789,4.67669361,4.82906565,4.857266141,4.801417432,4.904818293,4.753038893,5.061539179,4.872505899,4.989645562,4.90255765,4.7888963,4.917972637,4.945813127,4.888662399,4.694631519,4.866564962,4.990463175,4.74477787,5.722373926,4.837335868,4.937086392,5.067658449,4.908994078,4.913670829,5.109213951,4.863947081,4.727825814,5.117105503,4.917815234,4.810387115,4.485309645,4.982492848,5.026957955,5.000533854,4.105135338,4.904401745,4.712413974,4.78851482,4.810830438,4.860439829,4.85697647,4.980135232,4.914993318,4.945148409,4.945936111,4.871134918,4.902650041,4.937718444,4.843014641,4.940132822,4.672144057,4.842684112,4.816068874,4.916680249,5.037143517,4.944117316,4.906033194,4.924517049,5.004446054,5.045252547,5.019627169,4.77403496,4.499604614,4.927765463,4.776722971,5.309681258,4.696749435,5.069457187,4.855482812,4.807933963,4.822135375,4.922938143,5.189869138,4.808649774
GO:0016887,3.864629725,4.838691709,4.937141608,4.96814659,4.767423042,5.063333359,4.970514238,4.68111455,4.71732093,4.867090189,4.885971518,4.769502869,5.015594446,4.885643872,4.887420361,5.231813526,4.797122059,5.102841737,4.76179257,4.915241497,5.095768927,4.795442028,4.953571247,4.803586838,4.742937122,4.927185518,4.929490451,5.083495453,4.711511977,4.970769805,4.825932175,4.653453721,4.820240879,4.85839281,4.012879387,4.978244446,4.855634225,4.693770904,4.984774768,4.661604477,5.023713267,4.829747492,4.957391762,4.932864251,4.780158834,5.126469097,5.010232093,4.855864274,3.859258417,4.934720592,4.936664513,4.757904433,4.875796047,4.591331783,4.633033944,4.712641285,4.861343208,4.805024844,4.710142762,4.887712925,4.805398899,4.843643824,4.701170635,4.838716894,4.826845477,4.761882754,4.947213087,4.844241014,5.023264809,4.843438349,4.921572036,4.953518081,4.74043375,4.990010123,4.958296249,4.887347189,4.710464323,4.838622443,4.950900089,4.728548562,5.739377699,4.785571833,4.896834744,5.048767985,4.897121036,4.85661411,5.057825798,4.830376923,4.703179565,5.110731085,4.952283774,4.765221366,4.520719285,5.018338436,4.987304202,4.984176135,4.104828404,4.919104254,4.685006846,4.806614051,4.808737481,4.914343157,4.827252929,4.940028127,4.87384934,4.92380337,4.974442605,4.874696303,4.953445572,4.883462693,4.802965183,4.917830977,4.635433478,4.817690946,4.814240935,4.882114525,5.010036925,4.931747643,4.858242355,4.914887667,5.067186206,5.091272925,5.004489039,4.747776804,4.585562241,4.907319977,4.742803658,5.271458236,4.67757958,5.027100786,4.816566071,4.82644412,4.778049903,4.852315272,5.165472842,4.80106053
GO:0003723,3.871981354,4.882205673,4.968422236,4.96779594,4.718601324,5.064600235,4.999226267,4.716962742,4.756864224,4.871818033,4.850266291,4.730636948,4.92911737,4.919339637,4.90538567,5.206642409,4.800648355,5.158555469,4.712624451,4.937633221,5.085233477,4.774443969,5.002675681,4.745379316,4.737025574,4.901970236,4.854652125,5.019207711,4.712809587,5.014306279,4.865157295,4.569350497,4.780497331,4.908125639,4.016573746,4.970118975,4.762078087,4.743658685,4.996091184,4.668805097,5.059881355,4.761318798,5.004420261,4.979070114,4.807284662,5.078355302,5.027170144,4.775726924,3.87800447,4.876858414,4.938754821,4.760806845,4.901382027,4.57756073,4.581107318,4.75326124,4.894426838,4.808703749,4.684890224,4.834503358,4.780792399,4.850020989,4.640272687,4.847659016,4.862912168,4.7879632,4.859624579,4.747862184,5.046069636,4.852187112,4.92890769,4.899525038,4.738265122,4.890292444,4.926234374,4.85571294,4.668888885,4.875911647,5.011418181,4.777361565,5.743423524,4.803491257,4.902247725,5.051650228,4.907572579,4.88154442,5.072161632,4.818898595,4.73011175,5.074026096,4.899629021,4.817710771,4.534483018,4.965817652,5.015057824,4.952264384,4.070518097,4.853953604,4.735710652,4.801204699,4.835252887,4.831453829,4.876194739,4.932889595,4.895709771,4.93515949,4.924832142,4.855143453,4.878596469,4.905272253,4.835513013,4.94139713,4.679609572,4.873727381,4.866446847,4.906464341,5.043916092,4.939119718,4.866305065,4.893606431,4.986009932,5.016264292,5.014948742,4.74130133,4.500702912,4.942340471,4.792510754,5.308444886,4.668059607,5.042591262,4.818812916,4.738495162,4.814600483,4.882877294,5.179712611,4.826813124
GO:0003899,3.844042042,4.800978126,4.984324745,4.934074049,4.695726774,5.030389202,4.925079924,4.6935247,4.706145741,4.865820295,4.813514272,4.723898771,4.899935351,4.887043112,4.88912795,5.190426952,4.750361805,5.104708982,4.724029973,4.941044091,5.093257042,4.802739528,4.941382218,4.74122253,4.741521892,4.915716338,4.824990956,5.015573496,4.71133473,4.985991991,4.826994274,4.520077215,4.806166402,4.850793221,4.007747778,4.923622177,4.745839601,4.694078462,5.015967175,4.640819201,4.96995146,4.802356329,4.938999785,4.923352838,4.771440487,5.0545173,4.979830529,4.81158841,3.83282813,4.853034707,4.945739319,4.738106404,4.84105899,4.549469204,4.546740025,4.72796396,4.858801784,4.800607116,4.680761439,4.843662498,4.7532919,4.845637471,4.639018075,4.797572202,4.799133693,4.740741545,4.866624008,4.7267598,5.011498549,4.836640542,4.932737508,4.911141622,4.736492116,4.843992285,4.899831442,4.869378416,4.662049165,4.857380749,4.940929665,4.68969946,5.79701742,4.792930721,4.890817683,5.017479932,4.876004106,4.870795881,5.06008562,4.845922417,4.686573712,5.080052579,4.864196519,4.747404039,4.487110082,4.941203243,4.973589623,4.951177179,4.067256889,4.825003952,4.708191369,4.775479375,4.769598848,4.789115147,4.818588754,4.913972712,4.87606766,4.91481898,4.898434458,4.83466862,4.849836922,4.88295691,4.80425532,4.913776777,4.619948549,4.782529953,4.903241963,4.882165798,5.038564531,4.929546641,4.84095252,4.892128009,4.945389794,4.98689708,4.971368637,4.739271636,4.438653084,4.883184301,4.725674828,5.262610065,4.719828286,5.014772474,4.805256116,4.745137276,4.771366971,4.896763141,5.142974181,4.753881677
GO:0003676,3.977769318,4.83494815,4.911498516,4.989654457,4.695490432,5.137733795,4.89186626,4.77530455,4.704425083,4.825107908,4.758669709,4.668544321,4.882729399,4.901371127,4.850646235,5.151798723,4.750246042,5.105513591,4.626484082,4.879646287,5.013654447,4.761243549,4.907572579,4.712927359,4.822200781,4.893439943,4.838641335,4.970695474,4.71595323,4.912986847,4.83028706,4.587710965,4.747396269,4.900869418,4.067480024,4.896713563,4.715409959,4.728710812,4.992580025,4.763742369,5.142836672,4.747186445,4.900994899,4.933168283,4.803648272,5.002502995,4.99031221,4.710472782,3.984977126,4.825458575,4.89664745,4.687671622,4.828524561,4.485536883,4.862524929,4.828189263,4.822664879,4.754126544,4.626443025,4.891520732,4.718891797,4.815418345,4.808993753,4.784888196,4.780374926,4.746867628,4.828202164,4.926645935,4.966174597,4.780691667,4.888353626,4.880807878,4.801252744,4.828466547,4.871543748,5.026688488,4.681033088,4.788910423,4.923622177,4.826800181,5.733291178,4.742591603,4.950559562,4.9603566,4.821690354,4.809330724,5.021920779,4.801177242,4.645127399,4.986829935,4.878579238,4.912795775,4.555565989,4.879078668,4.921816484,4.897165064,4.042299807,4.825036441,4.687288115,4.723135375,4.753782161,4.802671124,4.841484609,4.933082162,4.859822538,4.852784869,4.913962123,4.856009504,4.813714392,4.845947186,4.851716868,5.000416723,4.72084536,4.825685708,5.147070053,4.864665311,4.961952364,4.875553185,4.81432752,4.911876397,4.90798073,4.951672583,4.942593336,4.86645866,4.699395405,4.83794179,4.703575082,5.231257999,4.706786035,4.952918307,4.915162307,4.698439842,4.755486102,4.830582254,5.166868036,4.750300069
GO:0051287,3.818291891,4.807426779,4.925894543,4.954435486,4.708947513,5.028355679,4.946707657,4.611978076,4.68908677,4.825906238,4.775515788,4.725176301,4.976418764,4.862906214,4.859672577,5.18355738,4.708658805,5.089922765,4.696723243,4.902861923,5.053758178,4.712380288,4.950481689,4.762723566,4.668124889,4.840363331,4.878923734,5.00828072,4.696400078,4.974465636,4.800888838,4.589066718,4.80122529,4.830992625,3.954917554,4.914787275,4.825224829,4.647744731,4.948271112,4.584308604,4.977430929,4.769724328,4.961724757,4.908243677,4.740489011,5.098588354,4.987527733,4.782465458,3.809694359,4.903089987,4.90706185,4.717454134,4.836526655,4.516376699,4.591854527,4.641712015,4.829213688,4.759456311,4.683047038,4.829843892,4.761138178,4.814953084,4.623114845,4.766999938,4.802541127,4.728621582,4.885219825,4.747567163,4.995920244,4.777216512,4.895179361,4.900410829,4.669540015,4.92118688,4.932519424,4.783417583,4.689752696,4.844725628,4.943875222,4.698257177,5.714513332,4.758427391,4.854269596,5.021329905,4.867579435,4.834179008,5.007760576,4.765019981,4.671070971,5.103078151,4.919846584,4.742850768,4.447855444,4.984239188,4.963773665,4.914110343,4.069186925,4.881567239,4.632497784,4.783181536,4.762933515,4.852992062,4.795713216,4.867219922,4.839465477,4.878550518,4.950875775,4.835417863,4.893844952,4.851105401,4.786147816,4.896807205,4.618654639,4.789996477,4.739532789,4.845004967,4.989472066,4.878717069,4.830691296,4.837727289,5.001339901,5.039382389,4.975192766,4.652333385,4.47629531,4.874875925,4.726629421,5.250980807,4.633276516,4.998150315,4.782243233,4.790833844,4.755775795,4.839446621,5.120968565,4.773691387
GO:0030170,3.83238116,4.795372465,4.912222057,4.956307728,4.717345909,4.995213856,4.921821684,4.665205628,4.67249501,4.817267806,4.77739782,4.748482627,4.98676278,4.84879855,4.852595871,5.163071882,4.708845638,5.082842794,4.689947841,4.881201998,5.040598385,4.760279203,4.905423468,4.753015885,4.734575826,4.913543658,4.926121126,5.036441246,4.703446149,4.904601954,4.798464183,4.607272688,4.799464616,4.794432275,3.990338855,4.906787421,4.822971826,4.620812486,4.977540706,4.609370268,4.971512419,4.812632645,4.917216584,4.878872077,4.734007299,5.090011024,4.97817595,4.7921044,3.834420704,4.932737508,4.907185555,4.696950188,4.810387115,4.476251796,4.602927713,4.697891616,4.80902072,4.750060756,4.684028048,4.870351225,4.754348336,4.81380775,4.668208808,4.78662367,4.795003596,4.724415149,4.899661852,4.758904326,4.982167171,4.781202284,4.889301703,4.87336711,4.730257253,4.941680347,4.954401722,4.83192094,4.696731974,4.783889293,4.921504398,4.676272826,5.714015244,4.762108131,4.867078393,4.991527318,4.861050264,4.817730595,5.019245105,4.79136779,4.647949922,5.0907094,4.919580119,4.732063892,4.432809005,4.977709891,4.958807478,4.958033233,4.073168262,4.921264979,4.624333672,4.750523822,4.737248318,4.882666813,4.776017977,4.890873522,4.827149485,4.863066967,4.957492354,4.84756649,4.913241478,4.851270582,4.783338915,4.862489167,4.604668765,4.76642772,4.767964311,4.830672055,4.950783367,4.895825711,4.82309585,4.835341728,5.016552844,5.065430319,4.938719815,4.695884263,4.507397058,4.833204504,4.705007959,5.236922514,4.641245996,4.998716938,4.795789675,4.82001088,4.738764708,4.822449233,5.189226344,4.740015115
GO:0005215,3.802020752,4.662956051,4.796740804,4.885185883,4.694350689,4.934407543,4.80189056,4.618184119,4.573463419,4.728905432,4.6658623,4.744097311,4.905903766,4.732651043,4.733357788,5.114080301,4.550839605,4.94798237,4.623104501,4.778780521,4.912471824,4.636838801,4.809391351,4.647656763,4.692697137,4.880430559,4.833937179,4.974875371,4.618957592,4.850278553,4.693656612,4.592287816,4.739477406,4.723291446,3.962842681,4.833478605,4.732369632,4.55160856,4.937307213,4.540054042,4.879812419,4.773076664,4.833453115,4.75760098,4.662776714,4.971823012,4.902171569,4.745792814,3.804548308,4.847190015,4.802500068,4.571032996,4.731282476,4.366945664,4.509834009,4.644113486,4.724538006,4.651035595,4.586992157,4.860757123,4.698248476,4.7111743,4.59836366,4.715343048,4.692018062,4.606381365,4.804009875,4.677132254,4.887037479,4.668535005,4.784232033,4.800950655,4.691329084,4.865843955,4.851399013,4.784667209,4.622825129,4.74519975,4.811715727,4.576387427,5.711070412,4.659126721,4.841309405,4.930082633,4.810299741,4.700850764,4.90181237,4.737105139,4.542688522,5.075181855,4.810434156,4.611542757,4.306467919,4.853156527,4.844427468,4.931061027,4.048053173,4.816360632,4.545467936,4.649918719,4.662304418,4.786005669,4.651491231,4.852492193,4.754631147,4.764609463,4.861904628,4.835671551,4.823949997,4.727842068,4.757525083,4.827924711,4.503600042,4.639964349,4.719571574,4.768734272,4.864297441,4.894299444,4.741695112,4.753023554,4.909491843,4.972993848,4.862733486,4.662738949,4.55192551,4.717179356,4.586519793,5.134702917,4.614348731,4.89114703,4.772439068,4.71255711,4.613852389,4.712253943,5.264657293,4.673509329
GO:0009055,3.774443969,4.756902232,4.892289435,4.847683686,4.610362016,4.94509913,4.848743182,4.622504147,4.634134536,4.75326124,4.706794566,4.673619839,4.822089585,4.800772049,4.790447026,5.082038172,4.630488896,5.025125555,4.632932832,4.837354816,4.972318573,4.731814314,4.872668962,4.631108787,4.666648998,4.851068686,4.751286804,4.919648057,4.617849218,4.863602384,4.75313858,4.431218975,4.705530169,4.792062341,3.945714714,4.833994466,4.671348747,4.666105954,4.918800683,4.61927077,4.919371012,4.740986047,4.854961544,4.840651758,4.725233538,4.922195887,4.875327549,4.704690903,3.779884963,4.772035506,4.865672392,4.588484599,4.786183346,4.426982711,4.459558332,4.653135299,4.793105587,4.682938902,4.567814208,4.80245216,4.680815782,4.762791061,4.551291378,4.71130096,4.737733186,4.667845042,4.776911744,4.584647782,4.920498996,4.731918993,4.858380775,4.778722695,4.669735164,4.768105079,4.785877697,4.739073688,4.539402325,4.7513561,4.86730246,4.628358273,5.660395845,4.722962809,4.826022944,4.933315156,4.807670301,4.768534509,4.993555259,4.746237082,4.601081728,5.018346762,4.761582069,4.680226699,4.391111614,4.808075868,4.892228211,4.861832998,3.98623413,4.74745842,4.626771368,4.645589274,4.706598314,4.693049484,4.716612599,4.814340839,4.823598109,4.787906584,4.800483376,4.779040643,4.769000479,4.792853757,4.742685862,4.81288663,4.550387361,4.724111954,4.714698502,4.828640565,4.91055504,4.867143267,4.782193038,4.771653612,4.82914933,4.887409104,4.873140335,4.630590578,4.407832623,4.77643239,4.649208252,5.195999224,4.57612242,4.938869822,4.738598243,4.694684154,4.680371779,4.800490251,5.07007113,4.709481967
GO:0016787,3.722469386,4.675081446,4.76358521,4.860050378,4.651093788,4.847017098,4.756582864,4.575314881,4.564441167,4.684243752,4.675915755,4.599206005,4.990622963,4.706085932,4.699681664,4.998228815,4.579166002,4.911998739,4.559834835,4.728654031,4.874806403,4.671089495,4.742693716,4.730661173,4.624838791,4.820818626,4.877946952,4.910757767,4.647343843,4.72491455,4.644182467,4.583017308,4.73301259,4.720101394,3.875871191,4.789799214,4.830992625,4.553361074,4.848533952,4.533467005,4.864048062,4.703394565,4.750539249,4.754730469,4.661197236,5.053320505,4.906458954,4.68969946,3.719248398,4.892695518,4.765772833,4.575926441,4.709397177,4.352008766,4.572395243,4.612179661,4.707902157,4.601016432,4.599850335,4.756057678,4.657256692,4.675695873,4.618769577,4.644182467,4.628542183,4.577123987,4.865920841,4.803791585,4.825153381,4.670394304,4.743243148,4.807000287,4.617262517,4.940750503,4.875628371,4.734407748,4.653395844,4.610447221,4.751186691,4.547750099,5.578479901,4.610266139,4.747730226,4.845835714,4.744691881,4.664378687,4.92691838,4.68090634,4.517222298,4.933608752,4.896344305,4.600918469,4.40452584,4.93874982,4.793224456,4.841190476,3.946304855,4.88419475,4.553531081,4.647109004,4.636297287,4.869460544,4.637219462,4.776693921,4.740046724,4.726833122,4.936438338,4.729691134,4.877923942,4.713120773,4.661254083,4.701878701,4.453211282,4.635171988,4.694649065,4.74264659,4.808035328,4.781870214,4.664839337,4.739683079,4.991576029,5.0319172,4.784553106,4.590384794,4.52941752,4.671746584,4.546752357,5.091744315,4.51843497,4.834585997,4.672402681,4.821113767,4.587171971,4.686877477,5.118952173,4.608515337
GO:0046872,3.704236337,4.66911224,4.784588767,4.79445319,4.53908865,4.849640498,4.785066331,4.475729284,4.529661301,4.66807826,4.58868619,4.562399938,4.807474141,4.713692103,4.713230056,4.97688621,4.575395702,4.930745328,4.525498311,4.74102547,4.88570038,4.607154666,4.801259607,4.590072392,4.545480305,4.716170348,4.717395862,4.845866681,4.54061724,4.757266936,4.670598342,4.429655401,4.635935901,4.633468456,3.83828225,4.72901892,4.650967693,4.450141291,4.793818313,4.408884143,4.809283564,4.629389209,4.778390047,4.746244872,4.573544585,4.92236729,4.805718291,4.623156217,3.710455864,4.754463011,4.769502869,4.554125582,4.653820101,4.325536187,4.433449794,4.502003545,4.670913485,4.597388,4.512310764,4.692309224,4.571906723,4.66996737,4.492271358,4.611659593,4.640073784,4.586069443,4.706734847,4.620229777,4.835493985,4.626289029,4.771896007,4.699993732,4.54585119,4.753330221,4.775493941,4.603988314,4.534964792,4.640501313,4.779466616,4.532843521,5.534352339,4.620396345,4.728191399,4.840664294,4.683668302,4.691664877,4.871047261,4.613672721,4.502454433,4.94781589,4.752578502,4.575095432,4.235503196,4.803791585,4.799781514,4.749898566,3.901022173,4.733726765,4.458758679,4.598593553,4.581915541,4.693049484,4.643255225,4.726384853,4.680199492,4.707876629,4.774312544,4.684540172,4.729537345,4.711165855,4.621311328,4.725772832,4.467178778,4.614570318,4.571557443,4.688757871,4.806647946,4.711444463,4.70896449,4.66953072,4.820503587,4.874910682,4.796463317,4.527165718,4.359285154,4.691169934,4.559810902,5.080648129,4.47259557,4.846355671,4.659535907,4.634467194,4.605229604,4.707374274,4.994915161,4.617922499
GO:0020037,3.668385917,4.638998132,4.789883767,4.720795802,4.526920533,4.843301313,4.745394927,4.537063143,4.51661469,4.656768779,4.611372758,4.573509801,4.732972433,4.690878007,4.689148967,4.996498538,4.539163953,4.907637049,4.542115541,4.733943193,4.883774961,4.641602992,4.744949797,4.517499402,4.589346306,4.770748946,4.683155148,4.843743412,4.46576938,4.730475417,4.638439335,4.356733162,4.584512143,4.610436572,3.846955325,4.740291617,4.571813609,4.488522515,4.824399217,4.466333688,4.813394155,4.65065715,4.743141164,4.721876537,4.593474368,4.806878355,4.729116172,4.630692236,3.679064318,4.678673131,4.768282826,4.470204615,4.667256776,4.329560582,4.372083109,4.569022586,4.676492416,4.589558672,4.438700533,4.713465342,4.567743713,4.667144634,4.472405362,4.60076604,4.625353614,4.557723694,4.6778897,4.528350978,4.812371821,4.634366415,4.757084622,4.67103392,4.588170827,4.69206219,4.681711468,4.689450936,4.449092531,4.618414215,4.743486246,4.50662678,5.545147475,4.612571954,4.721769409,4.828782307,4.693419141,4.665927913,4.886936072,4.653685155,4.48814161,4.903133414,4.664905105,4.561792841,4.212027712,4.700643154,4.790362584,4.803422972,3.878923734,4.656998453,4.497275286,4.511642762,4.592964659,4.616790486,4.595771702,4.740133637,4.701688845,4.693199145,4.69966432,4.667275463,4.67368429,4.697211901,4.63192042,4.692494408,4.433513821,4.593385766,4.631362585,4.710633471,4.789432632,4.760505414,4.67745182,4.695341559,4.751640865,4.799822831,4.762918522,4.57614547,4.354838056,4.655416986,4.525873712,5.07793811,4.479949417,4.832783453,4.63180891,4.594237812,4.568717876,4.688579983,5.003546693,4.597333123
GO:0008168,3.627570664,4.625394774,4.660846513,4.835335383,4.534762005,4.814613794,4.767311739,4.475017076,4.475293377,4.602092562,4.612179661,4.457745685,4.803607317,4.634658608,4.646707528,4.918879213,4.568553712,4.90439092,4.426917714,4.652217323,4.825068928,4.525291053,4.729861047,4.567238165,4.532117116,4.687814236,4.78731167,4.870766641,4.561208751,4.765430112,4.586564802,4.492830206,4.591765594,4.609818435,3.772174961,4.703635238,4.62205852,4.423098353,4.773105956,4.378488748,4.796123154,4.542377213,4.758215252,4.698474626,4.512777754,4.935723855,4.83843348,4.576421981,3.635584266,4.79021477,4.668767853,4.580480195,4.605143368,4.280965148,4.418748616,4.520090328,4.597168449,4.534812711,4.518606053,4.567285218,4.548291123,4.57467933,4.487717991,4.583176095,4.607379953,4.53650794,4.680190422,4.678873317,4.773076664,4.558384528,4.677187053,4.640600678,4.537957544,4.774976564,4.838326364,4.63017353,4.574147064,4.626525134,4.775588605,4.516337021,5.537392144,4.52815795,4.650288091,4.790242929,4.629552302,4.598746747,4.799554197,4.53424193,4.45230789,4.914036239,4.752992875,4.556881174,4.309970657,4.831255315,4.758200095,4.718568115,3.85082996,4.756468747,4.386695112,4.600362931,4.539828558,4.703824244,4.627949304,4.701947719,4.602374741,4.658097293,4.783245925,4.603404222,4.741884001,4.632173744,4.595595415,4.69207984,4.425142788,4.608451149,4.58949162,4.605703595,4.735127626,4.684468331,4.607915881,4.675274121,4.864315248,4.90161087,4.762858545,4.548757829,4.390935107,4.681223141,4.537907204,5.026966118,4.458879476,4.779971467,4.566060193,4.61408479,4.551462197,4.590797267,5.116966188,4.571184568
GO:0016616,3.621591676,4.616968869,4.718617928,4.744801319,4.486798729,4.814367476,4.728410602,4.425876435,4.494154594,4.622193292,4.544737582,4.522991647,4.751379196,4.662304418,4.654243944,4.97446103,4.488705794,4.893101221,4.494488538,4.693841222,4.839880102,4.515277604,4.743674358,4.5566281,4.471629039,4.650569769,4.661140381,4.779928217,4.505584056,4.754860318,4.614570318,4.358106245,4.59645414,4.669409867,3.77458995,4.710498158,4.5930866,4.48894535,4.75822283,4.427956502,4.778505779,4.557302638,4.734503801,4.715217562,4.562435623,4.873831919,4.807304967,4.556543708,3.616475514,4.69204454,4.703059119,4.515741417,4.645726758,4.290034611,4.370956964,4.458501875,4.626001424,4.547282308,4.483030701,4.632619237,4.559260086,4.613101517,4.413735517,4.58810356,4.607304871,4.531415046,4.672476545,4.527848926,4.796289798,4.580445962,4.685884987,4.701429818,4.469763125,4.691382121,4.714832512,4.587890481,4.472654078,4.635564164,4.748838981,4.500881124,5.509515693,4.562780428,4.658373953,4.814220951,4.672116338,4.625693064,4.822390402,4.58334616,4.460807668,4.868838329,4.693551086,4.548929647,4.277655048,4.759871726,4.756407873,4.708726753,3.860996437,4.669102936,4.454478984,4.572185944,4.566578895,4.635000929,4.593518662,4.657266253,4.652652395,4.674796864,4.734767836,4.638329487,4.677533956,4.649947891,4.578547529,4.695779276,4.427843006,4.61254016,4.571079639,4.651549363,4.791859002,4.702594228,4.62614525,4.635071373,4.777731229,4.821755827,4.757137805,4.431829978,4.274088541,4.667649042,4.527848926,5.056420762,4.42468567,4.794669255,4.582744966,4.568964004,4.553458229,4.633044054,4.915953564,4.578134723
GO:0003918,3.621902961,4.608878888,4.729302511,4.657810907,4.414505394,4.833758902,4.732039746,4.470131065,4.47665776,4.632366172,4.594503044,4.496431445,4.645981972,4.667798383,4.656088615,4.969728008,4.520575229,4.898642921,4.490014695,4.697917738,4.859318465,4.548721002,4.73255458,4.480280089,4.508798965,4.706077387,4.585855363,4.75797268,4.364400889,4.787842882,4.603350099,4.240249632,4.486246237,4.58984911,3.784617293,4.708233884,4.474012185,4.428410192,4.768142116,4.378379729,4.75844254,4.57209289,4.749465763,4.708531372,4.530186887,4.812030508,4.676162989,4.562554552,3.648067129,4.595231596,4.713683707,4.506762015,4.610202209,4.33294316,4.291568633,4.504185317,4.615476591,4.561351866,4.397453326,4.633882353,4.496542206,4.607433576,4.374748346,4.589715086,4.60657482,4.516720422,4.601321062,4.398044227,4.793832276,4.589391023,4.704056095,4.666274558,4.509027694,4.618675539,4.640958203,4.633377547,4.341315795,4.655800901,4.756217584,4.48315921,5.519055812,4.571324433,4.668898194,4.810796868,4.643511894,4.644330249,4.836570948,4.594569326,4.452553063,4.817512484,4.600155784,4.540054042,4.199755177,4.70946501,4.754783941,4.745472973,3.847696021,4.593740066,4.430204099,4.513816673,4.540629748,4.545195745,4.607047346,4.703935891,4.622224388,4.682127018,4.636688448,4.625199231,4.604657972,4.66144352,4.578100305,4.689663965,4.411838481,4.578616291,4.618612835,4.629093448,4.787169903,4.667116595,4.636969065,4.687073918,4.713650119,4.734151503,4.769155691,4.504416487,4.157668273,4.690187217,4.528183692,5.041112277,4.481084152,4.799175072,4.58683476,4.496001979,4.552437017,4.642622776,4.86172553,4.55633869
GO:0016627,3.65724713,4.491725788,4.623683368,4.697760984,4.487095934,4.749055749,4.610074322,4.483073542,4.40153839,4.580525834,4.578799606,4.53588881,4.801293922,4.563919904,4.571371045,4.943865338,4.403823749,4.759833978,4.454829621,4.627335127,4.786417767,4.502877569,4.59888895,4.574528973,4.550277285,4.759546981,4.721200361,4.822756333,4.442589505,4.666068478,4.498985598,4.361198808,4.540304443,4.561494934,3.812043898,4.694438468,4.612179661,4.394241487,4.772050188,4.396495752,4.697246784,4.638099715,4.66733152,4.585505849,4.516032703,4.888841948,4.726254361,4.627283907,3.649334859,4.727158845,4.631230628,4.45354766,4.535597893,4.255634266,4.389573598,4.515198043,4.549064599,4.505882233,4.441490899,4.716120253,4.54377014,4.547516266,4.48654382,4.538246885,4.495599835,4.407934495,4.69904817,4.556567822,4.723463882,4.515290862,4.587025878,4.68735057,4.547577813,4.764639332,4.712287639,4.714203981,4.423163924,4.544291338,4.617880626,4.383546092,5.51875734,4.452231244,4.674851959,4.725405204,4.638938295,4.532601521,4.759818877,4.57574191,4.3602904,4.845352338,4.701101494,4.425371166,4.21005085,4.773127924,4.650462947,4.823108903,3.879554601,4.718759034,4.375279436,4.508906617,4.474376545,4.689938973,4.510075611,4.708063799,4.569724949,4.615666037,4.753414517,4.654830861,4.713389728,4.571767044,4.580594284,4.624983003,4.321080365,4.444934344,4.499906923,4.56633141,4.702292643,4.69155003,4.528621074,4.622887227,4.830068744,4.854251372,4.66458557,4.539076099,4.325474613,4.561554532,4.402966002,4.926146867,4.479359333,4.700279597,4.612603746,4.638049748,4.446568231,4.539515192,5.020560151,4.455879837
GO:0008270,3.613207352,4.552473531,4.660039724,4.679164333,4.442589505,4.750122527,4.665721668,4.450018039,4.425941588,4.552534379,4.525355832,4.411383978,4.693832433,4.588069923,4.586744792,4.870889435,4.474871583,4.801671202,4.428410192,4.618142271,4.778484082,4.535028144,4.67563172,4.488296834,4.508421974,4.637649809,4.605897352,4.755836758,4.432536383,4.658450242,4.527075403,4.33511675,4.518474457,4.52969978,3.730055152,4.625384484,4.534254622,4.360498744,4.694640292,4.36106645,4.734263629,4.532627001,4.656969751,4.630031031,4.482258851,4.789086915,4.685455099,4.531836424,3.60031933,4.614812879,4.656462358,4.434600836,4.549640741,4.255344881,4.340483775,4.489480352,4.564547712,4.489170694,4.391658329,4.574193374,4.467341676,4.548069876,4.419162396,4.481112841,4.499989334,4.444778415,4.616507021,4.529853662,4.703265578,4.538033043,4.667004417,4.605455891,4.498627542,4.638129692,4.651994784,4.563374279,4.426397386,4.529802374,4.639386869,4.416374192,5.423968005,4.481127185,4.623094158,4.726433778,4.571790327,4.566024805,4.780036334,4.529058016,4.394013663,4.798885336,4.64499956,4.479071196,4.203440867,4.681819911,4.67535667,4.657228006,3.771440487,4.600864036,4.381367819,4.483216312,4.477598716,4.576421981,4.527720101,4.65121015,4.584240737,4.59208789,4.675659215,4.546949624,4.605875827,4.584885049,4.54167907,4.630020851,4.36253902,4.512217305,4.682379767,4.592731766,4.680960665,4.615223868,4.574285979,4.628552398,4.721876537,4.758078822,4.689068998,4.495974257,4.281556025,4.584851162,4.420714687,4.950992472,4.375041442,4.706478812,4.553773833,4.513057708,4.470057502,4.570472887,4.91586396,4.484584529
GO:0004129,3.577031986,4.509659434,4.70047007,4.626104162,4.362086453,4.755676711,4.622048151,4.408782494,4.386356258,4.549260818,4.477685471,4.466393046,4.598078863,4.587475237,4.569034301,4.874516606,4.435557713,4.811688926,4.438320794,4.643610573,4.815577748,4.483530243,4.652372065,4.421192468,4.476498319,4.650637733,4.530122825,4.731645163,4.36660971,4.68601924,4.534559123,4.183526073,4.504103698,4.527990589,3.737351696,4.613165021,4.455408315,4.430220226,4.722107186,4.368677295,4.676474121,4.567731963,4.648106192,4.619875609,4.470263447,4.724029973,4.60022121,4.520116553,3.57054294,4.54707287,4.663059845,4.403549454,4.52815795,4.256332818,4.237443195,4.444403956,4.55278985,4.488621213,4.344294006,4.6198235,4.452215914,4.554985559,4.347310496,4.497523976,4.521634883,4.437909036,4.553858764,4.364738555,4.722485842,4.502222216,4.638209621,4.580183421,4.469556942,4.530929315,4.553215301,4.539953842,4.309757882,4.562090543,4.652449416,4.385909995,5.440888626,4.521922245,4.625199231,4.726229889,4.601994842,4.570577962,4.770888815,4.571254506,4.361538971,4.812244697,4.535357424,4.444154137,4.063070526,4.62126978,4.671681845,4.663314505,3.781898919,4.534254622,4.385445394,4.449971811,4.458879476,4.467060268,4.487943973,4.637509743,4.568788212,4.594304135,4.573103783,4.567602689,4.542949849,4.591209348,4.532193637,4.591231611,4.316159128,4.476048672,4.49843462,4.585832822,4.722790175,4.634638463,4.550949539,4.568964004,4.616191843,4.661557143,4.666938967,4.442840225,4.159597268,4.57805441,4.423360578,4.972979983,4.38712276,4.724538006,4.537025311,4.485082288,4.461783561,4.594580373,4.829387407,4.473559955
GO:0003700,3.511348515,4.552656051,4.737796735,4.522509438,4.36363078,4.758654569,4.674842777,4.321991748,4.416357541,4.570741362,4.556616045,4.345530558,4.547897718,4.637799829,4.616968869,4.908485019,4.543559001,4.82314806,4.413702013,4.674521285,4.849597518,4.520810932,4.714974853,4.362896968,4.370235437,4.540604733,4.436957331,4.645608917,4.235806105,4.688321917,4.566614238,4.265572462,4.350790547,4.488212173,3.66754634,4.608022988,4.362708611,4.378652225,4.622825129,4.255200117,4.696635925,4.436893809,4.664246983,4.693718157,4.434808339,4.686439631,4.550008092,4.470601574,3.514414921,4.472844177,4.675778342,4.378343384,4.545529774,4.300443302,4.18774627,4.343979399,4.553093786,4.522509438,4.261286665,4.477121255,4.392573856,4.575684228,4.280760426,4.471599716,4.531951275,4.467593308,4.480193851,4.474274555,4.743995526,4.545220496,4.656088615,4.550741863,4.365487985,4.511308376,4.492816243,4.490295665,4.249980606,4.548610502,4.656280318,4.416806872,5.33423655,4.528852451,4.548315699,4.721769409,4.517591731,4.630671906,4.765988757,4.443059487,4.420170366,4.717969913,4.480624869,4.471980753,4.113441954,4.559331971,4.7041591,4.650938589,3.709609121,4.44053127,4.347622699,4.38799457,4.47796008,4.428102383,4.544464932,4.59386179,4.556290437,4.646109522,4.519434195,4.466645228,4.47228827,4.624941805,4.480280089,4.612677918,4.354146871,4.523017697,4.596311137,4.554343765,4.753958213,4.595507244,4.576744354,4.656644322,4.591109148,4.619854766,4.690063112,4.419559253,4.270865089,4.606187824,4.457382246,4.976189439,4.300291067,4.735543013,4.461798558,4.345608951,4.510384131,4.645491044,4.917037879,4.471702336
GO:0003924,3.569256833,4.537592448,4.649977062,4.556869127,4.373004005,4.722691496,4.640729818,4.426104428,4.410760367,4.544464932,4.485707234,4.420961881,4.57131278,4.581835924,4.602331341,4.84430939,4.477121255,4.803955312,4.429267666,4.611160165,4.76523628,4.537680602,4.62012564,4.401503932,4.483630082,4.643255225,4.517776329,4.696688318,4.325002252,4.605908113,4.514268758,4.179063222,4.442808893,4.473691296,3.751048035,4.60056998,4.431331593,4.328990855,4.699525546,4.350364332,4.694973535,4.524486996,4.627703737,4.592343335,4.473516165,4.683227206,4.556181847,4.502672878,3.564784385,4.517908137,4.654821246,4.360763766,4.525601902,4.191059582,4.25139485,4.461573554,4.564760723,4.483687123,4.305523333,4.590373641,4.413735517,4.562257168,4.318230339,4.453685194,4.499934395,4.444466388,4.530967682,4.344922536,4.708157354,4.525834893,4.65640488,4.52624879,4.479906267,4.513057708,4.550228353,4.544464932,4.302569011,4.490084955,4.634336177,4.381584335,5.358775954,4.483815438,4.612571954,4.712876889,4.562257168,4.555021858,4.776017977,4.530826986,4.371141778,4.752862467,4.53558524,4.463459971,4.117503299,4.568729599,4.677369668,4.649052378,3.761025252,4.524992948,4.3728936,4.389396465,4.45475342,4.474973433,4.497979537,4.653473012,4.583844633,4.584692986,4.559284049,4.52323906,4.511161164,4.587890481,4.507693993,4.586980917,4.323850004,4.482044204,4.437306531,4.585979317,4.65275868,4.585990584,4.555058155,4.557783811,4.592509848,4.64481265,4.655042341,4.456836517,4.111464152,4.554634506,4.412057147,4.966474955,4.352298315,4.718941573,4.534939449,4.437845653,4.471218344,4.566543548,4.787984429,4.4449967
GO:0000287,3.489536629,4.565564491,4.691841505,4.576594711,4.343250998,4.703231175,4.678836927,4.346822228,4.418814847,4.539602957,4.510879985,4.347271455,4.610255485,4.603339274,4.605574376,4.855846116,4.507693993,4.830639986,4.401762302,4.630397361,4.785564718,4.533568713,4.667705051,4.405773101,4.403532305,4.550815171,4.522013638,4.656500673,4.344765489,4.586654806,4.549873432,4.246030551,4.432568465,4.472302909,3.669874502,4.585528406,4.453303048,4.352471951,4.648808713,4.301312195,4.697978682,4.395081651,4.62752971,4.646040846,4.43525493,4.707825568,4.610574999,4.421817731,3.48586333,4.533810175,4.6664899,4.372783168,4.540554699,4.219427335,4.228862129,4.383078954,4.546875659,4.481858091,4.313635254,4.461783561,4.402089351,4.551303582,4.285917197,4.462667476,4.54052968,4.478782868,4.525809011,4.456092615,4.712582364,4.550668541,4.674962128,4.518750763,4.390157625,4.555179122,4.57323143,4.492774353,4.350616237,4.456882021,4.673748731,4.417272354,5.33483761,4.525226265,4.538372625,4.694491127,4.524162358,4.58379934,4.778968402,4.469777848,4.405329282,4.705564391,4.554634506,4.485409076,4.125546324,4.596311137,4.715802854,4.582449736,3.685024785,4.506789057,4.358258542,4.389077444,4.46362427,4.482544881,4.524655712,4.565304611,4.567273455,4.597344099,4.588092348,4.438827039,4.521399628,4.611659593,4.447855444,4.556688369,4.350248018,4.541167218,4.444747222,4.568588895,4.677424438,4.563172461,4.577204473,4.550105999,4.630621078,4.673380365,4.644989725,4.395640859,4.175453826,4.59031787,4.456472316,4.984959143,4.272305844,4.752010013,4.442605179,4.443997927,4.494252021,4.593418994,4.789496101,4.475264301
GO:0005506,3.555094449,4.487873366,4.647255793,4.646893624,4.343270701,4.689006791,4.574794954,4.398078961,4.37270953,4.500428598,4.457230724,4.44892264,4.592953572,4.547368518,4.538234309,4.83015223,4.390475854,4.771116924,4.372378008,4.594381499,4.723332509,4.457957551,4.589323945,4.39077619,4.454204375,4.636618265,4.565221889,4.710734928,4.408223,4.586418505,4.496112849,4.246597049,4.44585319,4.568189986,3.719828286,4.590942096,4.429477732,4.445884303,4.716170348,4.391675953,4.665215016,4.513310843,4.598166512,4.595683567,4.471321054,4.694745554,4.645962345,4.459151146,3.558588583,4.560109966,4.610447221,4.357458386,4.513896487,4.178516524,4.235806105,4.431106328,4.522483357,4.440216176,4.332963336,4.577618163,4.431363764,4.511936809,4.33751916,4.490941205,4.479834341,4.40983172,4.532129871,4.401297125,4.667798383,4.489846026,4.583198774,4.52728181,4.451863159,4.554271049,4.574991444,4.552777688,4.357782436,4.470910069,4.610617583,4.37197247,5.431587288,4.468524557,4.59439255,4.66238002,4.559284049,4.517723595,4.72611567,4.522183318,4.331791587,4.777868867,4.532665218,4.433513821,4.160798554,4.587890481,4.637749828,4.647157939,3.774078801,4.545962394,4.3622185,4.399240942,4.44569759,4.495016759,4.471291711,4.596377144,4.547085193,4.546974276,4.580114905,4.542626278,4.54630818,4.547269991,4.502085559,4.54036702,4.294135419,4.464042205,4.454280673,4.56005017,4.67314076,4.635151867,4.510035354,4.515012345,4.614359285,4.670171608,4.605164929,4.439679991,4.2254902,4.515635446,4.391816924,4.942032869,4.362840469,4.683191178,4.517987203,4.458426315,4.430413712,4.548327986,4.830325575,4.431685345
GO:0004252,3.523226042,4.460597189,4.512430895,4.618665089,4.376430951,4.650802744,4.50963257,4.405875457,4.356044989,4.434888121,4.405653656,4.377997948,4.634376494,4.469895619,4.466496904,4.75684902,4.295171107,4.695280243,4.355968458,4.487209102,4.637129336,4.451172158,4.505678952,4.44141232,4.429025157,4.594171479,4.56567076,4.66539335,4.37322473,4.541816294,4.413785768,4.227526785,4.448551739,4.493262819,3.659440782,4.579989266,4.462038433,4.331103226,4.619166403,4.395466184,4.669614368,4.493220972,4.512724409,4.499040657,4.460717475,4.737598113,4.632588877,4.452323217,3.543571424,4.580251925,4.528260909,4.365637716,4.491053375,4.139973488,4.284656283,4.447638591,4.503245771,4.357934847,4.359683737,4.567919928,4.417936463,4.442730553,4.373757685,4.432584505,4.394906751,4.32637683,4.56371834,4.437243061,4.595154384,4.446661411,4.513257564,4.572244093,4.413634997,4.573544585,4.592975746,4.544972915,4.344470872,4.421998561,4.524863273,4.336019212,5.362116639,4.368379872,4.545925329,4.621373644,4.540967306,4.422130026,4.721208614,4.525576007,4.272073788,4.653009796,4.569596268,4.385051882,4.149219113,4.637379641,4.550864037,4.595837791,3.706803097,4.579829309,4.421899936,4.412897142,4.41059167,4.539640566,4.433833814,4.578226491,4.548438558,4.47749748,4.630610911,4.522196367,4.558984416,4.47447851,4.441380885,4.498999364,4.241720761,4.412023513,4.476918537,4.560970121,4.572825151,4.570566288,4.428150999,4.506153125,4.661632875,4.71111518,4.557218378,4.353493073,4.225645213,4.45389905,4.306960863,4.864742406,4.316515494,4.585189916,4.485551082,4.474347407,4.348363284,4.446894272,4.850493072,4.364776057
GO:0030976,3.437909036,4.378597739,4.539602957,4.558144341,4.395116623,4.618382845,4.524811392,4.225800171,4.287420996,4.44468483,4.406063046,4.40693172,4.711267188,4.458078571,4.476802655,4.812378511,4.265030198,4.682686478,4.351138959,4.517604919,4.685042723,4.371935584,4.515463188,4.46386314,4.322653372,4.524461034,4.562078639,4.653810463,4.386231351,4.524058423,4.39720978,4.279940573,4.486954433,4.399240942,3.615002615,4.507370053,4.575707301,4.244623428,4.597168449,4.210505791,4.552874974,4.457124626,4.539452492,4.481284935,4.356236257,4.777608043,4.60039563,4.467134341,3.434089638,4.599063906,4.539953842,4.31103297,4.425403782,4.105544246,4.293605603,4.236789099,4.439285314,4.376175323,4.338177499,4.532410373,4.414639147,4.440594262,4.307282047,4.364644785,4.393838332,4.336639819,4.60225538,4.476309814,4.594834356,4.381548256,4.515661941,4.541816294,4.312177356,4.642573328,4.588383768,4.415273909,4.3733902,4.407645797,4.513843279,4.278753601,5.31444449,4.377087591,4.495100103,4.624508984,4.499851973,4.434824296,4.627037963,4.392855169,4.257126358,4.758116724,4.62211036,4.331427297,4.017826038,4.655176866,4.561172965,4.579417721,3.714916248,4.587643627,4.242516582,4.402845782,4.344490519,4.563813206,4.372912003,4.499797017,4.465234095,4.481786488,4.656979318,4.491795771,4.589904941,4.466185257,4.401641748,4.505719616,4.214870329,4.361236617,4.323953008,4.450864692,4.564429327,4.510048773,4.453608792,4.439711549,4.687234576,4.737224458,4.560217579,4.272954945,4.154971442,4.435446186,4.318626717,4.856523473,4.250078288,4.616811476,4.429493887,4.557338745,4.343329803,4.44770056,4.723906972,4.349199794
GO:0004872,3.678427322,4.316683094,4.497123239,4.530455844,4.27074869,4.628020901,4.402983173,4.511789811,4.243881002,4.425273305,4.277448759,4.478263394,4.522483357,4.436083099,4.422310725,4.862804968,4.26679596,4.65210123,4.27392678,4.472053991,4.645481219,4.36169007,4.432279642,4.253652948,4.535484003,4.69434191,4.456821348,4.603945075,4.223340159,4.539527731,4.380681473,4.15812115,4.359437038,4.407696758,3.790707287,4.527023786,4.298678451,4.27616298,4.611436515,4.227063592,4.575649615,4.576283748,4.469512747,4.489043953,4.355604751,4.580879378,4.538900337,4.476889569,3.680879174,4.473997604,4.509014242,4.159747611,4.381728619,4.023334783,4.109207196,4.54476236,4.38030171,4.340800923,4.198079476,4.671829806,4.307645769,4.422950781,4.285782274,4.438146636,4.378997141,4.286658525,4.415424112,4.259999795,4.598100777,4.334936033,4.393785719,4.423933645,4.526184145,4.446878752,4.467223211,4.649013401,4.166459717,4.431781772,4.492369208,4.257438567,5.462119361,4.384980296,4.653463367,4.601397187,4.485139138,4.383204771,4.623590388,4.438019932,4.170643023,4.72975587,4.375553884,4.338217367,3.986906031,4.471775621,4.544935766,4.82635344,3.843481943,4.450680109,4.223028427,4.242864296,4.305222352,4.422950781,4.341434525,4.64903289,4.408579125,4.47677368,4.444934344,4.603555729,4.428199609,4.464101878,4.524928115,4.486586315,4.183639904,4.303217664,4.67521908,4.426690147,4.561900037,4.623580055,4.365094695,4.550521861,4.522457275,4.587475237,4.509377281,4.532741643,4.202924028,4.349549484,4.270096281,4.828994831,4.420566304,4.589335126,4.567026366,4.328542688,4.289722698,4.420945406,4.96025191,4.299311135
GO:0016829,3.457881897,4.389963036,4.527939081,4.543621112,4.326192438,4.635654616,4.520575229,4.273302279,4.292765404,4.434872166,4.353262086,4.387158378,4.565505441,4.448799042,4.455834228,4.818371074,4.261524556,4.671626346,4.335036441,4.502604625,4.652043171,4.348285388,4.522405106,4.364269504,4.358524934,4.526468512,4.466674887,4.671635597,4.250102705,4.592210078,4.390740867,4.151951789,4.401245408,4.400727898,3.618152733,4.533581425,4.434073654,4.239999793,4.592099,4.204662512,4.578455828,4.44952468,4.555940438,4.488578917,4.3602904,4.652671722,4.549076865,4.446645882,3.443106457,4.490730808,4.506044788,4.289410561,4.430075056,4.125058151,4.194736289,4.292676867,4.442605179,4.363367503,4.265478204,4.502618277,4.356446556,4.415957746,4.25190577,4.383958911,4.375590463,4.318418142,4.505190692,4.330170175,4.587811952,4.371030899,4.484371029,4.540967306,4.353030976,4.500881124,4.500291376,4.474551329,4.237543738,4.473253337,4.5155957,4.284340481,5.376388965,4.355029856,4.500702912,4.63748973,4.505258538,4.427161403,4.630621078,4.389148358,4.267805102,4.752662943,4.515012345,4.314646564,4.000347297,4.531849187,4.536798248,4.613069761,3.710032699,4.459573406,4.304231942,4.351351739,4.359399072,4.432792973,4.362859303,4.51339075,4.464072043,4.481428295,4.532168132,4.479776792,4.486869511,4.442307271,4.407254901,4.526016021,4.197666426,4.360404055,4.370883017,4.470072215,4.583164755,4.493862182,4.421620377,4.469498015,4.569806818,4.610649518,4.587250616,4.330636951,4.043205039,4.437909036,4.28584974,4.841084038,4.319730494,4.583380165,4.435079538,4.423671765,4.33655979,4.444481995,4.679273413,4.36106645
GO:0016765,3.442636526,4.418996931,4.544130082,4.573741642,4.299768712,4.62195482,4.555263778,4.255079442,4.291834867,4.440783181,4.383510176,4.324508806,4.534292696,4.483487448,4.4831021,4.782859447,4.36152008,4.733100923,4.279415966,4.507559047,4.66087496,4.360990799,4.544278936,4.316389751,4.282803314,4.468110915,4.465174578,4.609935735,4.288226862,4.55620598,4.437116093,4.146376133,4.380337892,4.409476621,3.582971929,4.52167408,4.365188368,4.202352068,4.561423406,4.186645611,4.599326207,4.344667305,4.559092308,4.522861373,4.328481539,4.648701457,4.622441994,4.354185299,3.46478752,4.480050083,4.530494252,4.314877992,4.442448411,4.103632705,4.161906792,4.283617786,4.413232686,4.380681473,4.267828542,4.408172101,4.354358183,4.42399909,4.221283799,4.431572819,4.44585319,4.363386314,4.447762521,4.317206429,4.619698416,4.417554724,4.501730051,4.464251022,4.284047032,4.468583617,4.526558954,4.416107712,4.262949175,4.428313013,4.589770934,4.334373319,5.33768284,4.38501609,4.458123945,4.619312511,4.464891762,4.444232221,4.630397361,4.398998396,4.272653697,4.651917352,4.490141154,4.381223415,4.025674449,4.526868897,4.599861248,4.52928916,3.651762447,4.456912354,4.240199675,4.356140634,4.373114381,4.427193884,4.436687301,4.474536766,4.418814847,4.494669318,4.524240293,4.442181775,4.468539323,4.480323201,4.390458181,4.50497351,4.245636029,4.41537405,4.399085035,4.4268202,4.573996523,4.500908535,4.454570482,4.466852798,4.570507915,4.608247825,4.558324494,4.272839105,4.083144143,4.483929463,4.371271101,4.878171231,4.236007926,4.634809665,4.383869201,4.342817315,4.384675923,4.436782625,4.777926807,4.393855869
GO:0016810,3.326335861,4.351003499,4.471760965,4.621165892,4.374583393,4.581995144,4.491011315,4.186786877,4.220029594,4.377233377,4.39861698,4.24144686,4.734479789,4.41101329,4.401141955,4.681241237,4.297344615,4.617796866,4.244672878,4.436941451,4.59838556,4.309161558,4.466571072,4.476715724,4.232945313,4.441914976,4.638359448,4.635815373,4.388633969,4.518974311,4.349160923,4.334031315,4.482787859,4.375645327,3.493876111,4.489227012,4.572185944,4.177392192,4.531568321,4.126456113,4.509498226,4.376376186,4.466140718,4.434744502,4.285647309,4.842109763,4.641811103,4.395675785,3.342225229,4.661992422,4.453746307,4.360593414,4.366478992,4.083610105,4.313001987,4.224377652,4.362840469,4.311626732,4.348285388,4.366236124,4.371067862,4.361671185,4.334614571,4.351061558,4.35328134,4.257702568,4.583289479,4.604409671,4.540954809,4.320312491,4.452445817,4.499013129,4.231546044,4.6852131,4.644231733,4.351796307,4.411198674,4.387496607,4.489086204,4.206583035,5.281426555,4.306425028,4.363442741,4.558420545,4.43792488,4.373629101,4.559331971,4.338217367,4.191451014,4.671857543,4.644093774,4.271679006,4.060244427,4.722962809,4.508031173,4.499920659,3.59439255,4.647089429,4.152532948,4.4381308,4.291280029,4.61452812,4.32407658,4.379523064,4.370661098,4.42737249,4.683191178,4.382215223,4.612126622,4.410676027,4.28438561,4.421357099,4.158694118,4.305071783,4.30440435,4.376485709,4.509551969,4.477150207,4.369994662,4.427486109,4.741773826,4.780482932,4.502372488,4.203223325,4.300791068,4.418384164,4.268016021,4.755691956,4.1823005,4.54238967,4.295193116,4.555300055,4.286344176,4.366011817,4.910405602,4.289789556
GO:0008408,3.408918021,4.465010865,4.521151165,4.522496398,4.227320983,4.644487826,4.56139956,4.222117929,4.330555809,4.437306531,4.352992445,4.297804267,4.484299839,4.492341253,4.465323355,4.772108909,4.333225536,4.736938037,4.27510395,4.499838235,4.664152884,4.327072717,4.597881585,4.302179354,4.248341157,4.425420089,4.386908988,4.513643692,4.26011911,4.612465964,4.452016566,4.0918779,4.331407049,4.492005653,3.57955496,4.528029217,4.332195995,4.334574372,4.532830788,4.217720768,4.616685521,4.310523384,4.580411726,4.554852434,4.391376239,4.647852224,4.569198283,4.301398989,3.419790586,4.43226359,4.497040282,4.300508529,4.478479917,4.11417714,4.129367596,4.258349893,4.464861981,4.3581824,4.228887768,4.398738376,4.328664961,4.414421778,4.147676324,4.422195743,4.433657847,4.357649033,4.412997833,4.261857386,4.620063146,4.396129575,4.501524817,4.523291129,4.24873323,4.438937701,4.459814513,4.342343711,4.209809806,4.486090278,4.60496006,4.355413204,5.301490104,4.378016136,4.454417975,4.630356673,4.473340964,4.432760908,4.649763099,4.364400889,4.292211753,4.635393259,4.439143142,4.410608543,4.108801724,4.525394694,4.58368609,4.489536629,3.647089429,4.402312979,4.317122738,4.351022853,4.40275989,4.375553884,4.455530047,4.448860846,4.473370169,4.495516586,4.496915817,4.444513206,4.424603991,4.468731231,4.404217745,4.532792585,4.273811199,4.461843544,4.554912951,4.474259983,4.61953158,4.472873415,4.462966701,4.485281232,4.512550993,4.561316092,4.586204597,4.252755971,4.052770869,4.521491131,4.361822238,4.882706642,4.222664457,4.612836816,4.37401474,4.299223923,4.383060977,4.444513206,4.634839871,4.424293472
GO:0051536,3.33264041,4.43492003,4.541604203,4.548671894,4.264770615,4.564239844,4.509901134,4.134846209,4.305867057,4.396791955,4.429299991,4.204472704,4.569397321,4.463773579,4.47228827,4.699872399,4.330677517,4.703489131,4.266161112,4.491361694,4.64279086,4.405380515,4.509659434,4.378724862,4.192734672,4.398530248,4.490351837,4.572604441,4.397522886,4.43010732,4.425289616,4.22005576,4.377324468,4.461003022,3.504198919,4.45501245,4.408189068,4.354146871,4.542912526,4.280601132,4.538975672,4.284453294,4.482687826,4.512791089,4.372193719,4.678964281,4.587553827,4.31160554,3.342027688,4.511013902,4.525407648,4.298088569,4.415574263,4.062055247,4.160888516,4.16826171,4.430864843,4.336759834,4.285174601,4.326827237,4.351583744,4.427502338,4.216904499,4.349005401,4.396042345,4.3586961,4.478927056,4.412460547,4.586328451,4.403360776,4.519329122,4.380880263,4.198547125,4.526752694,4.527256015,4.279256177,4.327869569,4.311690301,4.534622534,4.290368556,5.200412701,4.379414304,4.374271643,4.543372617,4.398165783,4.450926203,4.640848991,4.354933967,4.254137031,4.618790472,4.503790683,4.359778584,4.151247237,4.570753032,4.565753397,4.402966002,3.572987708,4.492369208,4.245759356,4.34348737,4.340146551,4.449107972,4.392415538,4.378234328,4.466496904,4.443497678,4.541454429,4.316117183,4.494613701,4.46859838,4.291812687,4.420764137,4.210345278,4.414405053,4.263801708,4.447359621,4.552217874,4.495877215,4.424424244,4.416707061,4.580810973,4.638219611,4.503722606,4.149188311,4.185372143,4.441428037,4.308051921,4.857724391,4.124341171,4.601027315,4.293473048,4.422080731,4.375590463,4.480581787,4.791830948,4.330555809
GO:0004222,3.386320574,4.441475184,4.587419093,4.408121197,4.207849711,4.617880626,4.560325165,4.208763733,4.307089365,4.451832471,4.418450451,4.24496946,4.43018797,4.504226121,4.49400145,4.76500506,4.402467731,4.727004157,4.289321338,4.525653689,4.707348715,4.407067826,4.568342553,4.239674788,4.259283216,4.456639279,4.351564415,4.52278319,4.146500129,4.514667267,4.44541737,4.05751396,4.276921132,4.359892373,3.524396122,4.482673534,4.262806923,4.244079107,4.546789352,4.180039811,4.589636886,4.313276516,4.525394694,4.5385486,4.32768581,4.561459171,4.449462971,4.315634529,3.392345155,4.363216987,4.553640336,4.270142915,4.429348473,4.135259899,4.084826417,4.239299479,4.438194141,4.400796935,4.153936754,4.375828158,4.272305844,4.447189051,4.142045148,4.365768688,4.421998561,4.359721678,4.370790565,4.22680605,4.616338955,4.450649337,4.5537981,4.372783168,4.250127121,4.39079385,4.395588464,4.386534635,4.161158292,4.379867289,4.564192461,4.308692442,5.22703527,4.412813216,4.424228071,4.594226757,4.414287958,4.480955028,4.657055853,4.371714203,4.294289827,4.589167391,4.376905291,4.372119982,3.982225992,4.441490899,4.608408352,4.494905608,3.591398551,4.34795417,4.244054349,4.25265889,4.369252975,4.328094058,4.414053675,4.467415701,4.456699977,4.508583582,4.408206035,4.332600028,4.366833708,4.501675331,4.321225485,4.463698931,4.229809783,4.419377405,4.309033668,4.448428035,4.588282914,4.480969377,4.467371288,4.453562944,4.469807294,4.510759424,4.561029791,4.282078055,4.025428761,4.498751518,4.34364488,4.879537408,4.204716727,4.637689819,4.335457901,4.264227348,4.38806566,4.48586333,4.668096912,4.362425922
GO:0050662,3.298853076,4.430123451,4.387532195,4.559870731,4.207930438,4.468421184,4.426267207,4.140099325,4.36990202,4.338097754,4.310587115,4.184577875,4.539891205,4.404457393,4.383438335,4.577261954,4.188591037,4.644005063,4.138397443,4.380591083,4.518842826,4.316599302,4.454478984,4.346118157,4.115876664,4.284408173,4.462263196,4.463743721,4.421390017,4.38921926,4.3526648,4.187153954,4.36240707,4.653309013,3.447468131,4.446987382,4.373941312,4.488578917,4.484029211,4.384675923,4.628491105,4.151308548,4.419741025,4.495350041,4.486572151,4.64836977,4.652246341,4.150879191,3.307282047,4.485792384,4.395885286,4.267640982,4.504389297,3.945320841,4.16565972,4.195595263,4.504620359,4.233833415,4.269512944,4.281919242,4.345412943,4.363009943,4.151890569,4.362256221,4.359133216,4.283527365,4.44585319,4.370124327,4.503245771,4.33968989,4.393698017,4.455682165,4.124145425,4.470777883,4.514853112,4.194902674,4.294840836,4.277104727,4.531376718,4.346704962,5.217215388,4.290012339,4.337479228,4.48702519,4.39590274,4.280464547,4.670273692,4.330515232,4.230806428,4.492760389,4.479071196,4.365150901,4.226728757,4.525873712,4.492830206,4.272352241,3.520221436,4.471907503,4.324981703,4.368231083,4.416856769,4.433305699,4.387727875,4.314077992,4.559308011,4.379957829,4.53841034,4.347173836,4.471365065,4.388154508,4.290924559,4.405278043,4.209702632,4.461093156,4.436814395,4.533301678,4.525873712,4.474638694,4.296687124,4.353839324,4.541928536,4.612041745,4.428167203,4.083860801,4.12577395,4.394784279,4.290835647,4.867950423,4.077912703,4.525847833,4.254161221,4.351545085,4.314035846,4.346802686,4.729359206,4.368621544
GO:0008483,3.363047595,4.2937602,4.427047698,4.533810175,4.29473069,4.521504202,4.425892724,4.180441298,4.177016767,4.340126706,4.335658452,4.281828467,4.609989043,4.369809359,4.385874274,4.701429818,4.23982482,4.608279935,4.202624524,4.405687787,4.571627321,4.284881715,4.392556268,4.359778584,4.256405018,4.429703843,4.530199698,4.608162186,4.297541668,4.419691459,4.314099063,4.228759555,4.378652225,4.304145713,3.519434195,4.425729805,4.446925311,4.126163889,4.508516252,4.116773727,4.478248955,4.349044287,4.426673888,4.38854522,4.247727833,4.703746933,4.535433376,4.357496522,3.363047595,4.534026106,4.434521001,4.23884868,4.318564155,4.007064656,4.20790353,4.203549597,4.317645543,4.280987889,4.256813925,4.405175546,4.294994994,4.349685398,4.25173553,4.281669563,4.30988556,4.263423011,4.487421211,4.395448712,4.505882233,4.299507299,4.39944873,4.387816791,4.251370505,4.566920428,4.544241727,4.371400386,4.303735889,4.274550385,4.426592582,4.191311258,5.224540832,4.281465173,4.400537989,4.501292102,4.352741915,4.337199605,4.525886652,4.292765404,4.155214539,4.634507498,4.533009022,4.252877293,3.987755617,4.580525834,4.479532123,4.514135841,3.620968436,4.529789551,4.12784959,4.313339844,4.248046869,4.495113992,4.307880956,4.437147839,4.34095941,4.390988067,4.558396534,4.36687103,4.510839801,4.380193146,4.294333934,4.36990202,4.10761693,4.274527304,4.323870607,4.329987387,4.465100171,4.425843855,4.334252642,4.373904592,4.630651576,4.67745182,4.451939869,4.237292338,4.115077717,4.335738647,4.217878578,4.760686297,4.148355826,4.522183318,4.325495139,4.425028554,4.266725467,4.349530064,4.812552408,4.231342138
GO:0004356,3.343999069,4.274157849,4.463235827,4.543683213,4.279461609,4.482258851,4.411232372,4.07878296,4.16214604,4.293473048,4.255827083,4.342067204,4.513962987,4.344176055,4.32056168,4.702352977,4.13411333,4.53869938,4.215082115,4.396269108,4.550851821,4.251248762,4.481471294,4.276737459,4.212986185,4.412174844,4.488423794,4.630560076,4.299311135,4.420961881,4.30399477,4.169204037,4.366329551,4.329275812,3.509605705,4.371788009,4.367225427,4.163459552,4.545789398,4.099231615,4.422852372,4.371824907,4.422540597,4.394136353,4.227526785,4.641414614,4.510665631,4.348985957,3.323664536,4.49185175,4.410406027,4.229118455,4.291035675,3.993392137,4.129722109,4.100129203,4.318897715,4.238322156,4.245537343,4.421554572,4.279666944,4.284114768,4.200193637,4.288383384,4.257678575,4.193041072,4.402054936,4.228836488,4.455575688,4.288070283,4.425420089,4.350344948,4.213225473,4.484684127,4.524149368,4.325577232,4.285287197,4.30440435,4.385588401,4.151093923,5.274469598,4.263588731,4.422310725,4.501086662,4.3628028,4.345177617,4.511509038,4.281601444,4.150879191,4.709829433,4.44357588,4.18585367,3.843668723,4.529622818,4.416573944,4.475060714,3.650598898,4.456092615,4.13462329,4.311563153,4.226316297,4.401435007,4.267101297,4.413433888,4.335798783,4.344215376,4.491081413,4.385355991,4.447932866,4.31219852,4.303951634,4.397435935,4.078057867,4.231240149,4.166370901,4.342639774,4.474886135,4.447095985,4.349685398,4.266255222,4.534114988,4.603339274,4.43697321,4.187492519,3.961373628,4.33241826,4.180039811,4.740196836,4.167612673,4.475671188,4.353030976,4.338635752,4.204770936,4.356561221,4.719795171,4.271446614
GO:0015930,3.345569756,4.327624539,4.451909187,4.334735147,4.1823005,4.579840737,4.473180301,4.150602952,4.203060098,4.363517967,4.331751125,4.282576801,4.384550532,4.384299639,4.401314363,4.742725131,4.199508349,4.620885269,4.252416091,4.434153571,4.605164929,4.317018101,4.451525474,4.184379081,4.243980066,4.439601084,4.306103209,4.552047352,4.062544381,4.515728172,4.32230201,3.965765964,4.225335132,4.250249179,3.528659645,4.422524182,4.222404291,4.128593107,4.478826129,4.067628717,4.471130288,4.350558118,4.495336159,4.402158172,4.257726561,4.522926515,4.340384618,4.354185299,3.343802333,4.314225471,4.44352896,4.178314935,4.345706921,4.05671433,4.010893313,4.153631965,4.365001003,4.30453361,4.117536433,4.421455847,4.223002439,4.353108026,4.097673699,4.266584447,4.305931474,4.266255222,4.327604114,4.065691728,4.523069793,4.327501973,4.468760747,4.332398059,4.239024047,4.349685398,4.345863629,4.345785282,4.066661302,4.382359298,4.457685133,4.195927314,5.214149481,4.282554143,4.420879499,4.550595207,4.367225427,4.369178737,4.567861198,4.2937602,4.188394071,4.643126833,4.311944485,4.230193379,3.842671634,4.414287958,4.486416309,4.489550698,3.602819342,4.293495143,4.1811287,4.230857477,4.266678465,4.262474821,4.324899497,4.450295307,4.376467457,4.410844691,4.35224042,4.362482475,4.318918554,4.384353414,4.332801903,4.417720739,4.118165485,4.288472801,4.231087121,4.368993085,4.503654519,4.395116623,4.380970593,4.363254621,4.425599425,4.455849432,4.513177632,4.216218701,3.806179974,4.396495752,4.216456215,4.788656148,4.185372143,4.523512353,4.348071099,4.220657149,4.278433477,4.376795874,4.520208327,4.276944086
GO:0016746,3.397244581,4.306575128,4.427632148,4.388403184,4.17594647,4.541941005,4.429849138,4.211414245,4.18235758,4.323437745,4.267547172,4.2705158,4.368491429,4.360271454,4.348674732,4.696155361,4.207041621,4.579440597,4.219034106,4.413232686,4.553215301,4.206313052,4.46456406,4.195068996,4.228990311,4.395623394,4.305501841,4.470733813,4.105544246,4.503477442,4.303347278,3.993039232,4.230525555,4.310480891,3.487703863,4.436401205,4.216403445,4.128948252,4.448180521,4.071992407,4.480409414,4.296336055,4.45597104,4.405482963,4.241944733,4.511054069,4.430300856,4.278524965,3.357363031,4.332317245,4.412863574,4.196314385,4.337179625,4.04060234,4.009450896,4.236965299,4.317708238,4.260524536,4.125806458,4.361916619,4.241695868,4.313276516,4.087497472,4.31703903,4.300204051,4.216930854,4.316620252,4.126196368,4.496195984,4.278341969,4.384460944,4.390652547,4.228297676,4.327154512,4.345785282,4.358791162,4.096771017,4.370790565,4.426023016,4.180125875,5.22599379,4.264203712,4.379015287,4.531504463,4.397279379,4.330434067,4.501812117,4.302482451,4.15405861,4.587464009,4.3250228,4.228451691,3.880813592,4.408918021,4.447932866,4.490702748,3.577951128,4.314730734,4.15112459,4.23982482,4.263896331,4.272723235,4.279301837,4.417272354,4.340384618,4.389077444,4.370698093,4.375059754,4.326683976,4.348557965,4.311160273,4.410355383,4.112001395,4.261952433,4.325700343,4.352953912,4.508071617,4.398877073,4.343113055,4.357725268,4.419922721,4.461813554,4.493304661,4.229015943,3.902655475,4.369549802,4.22055262,4.741608511,4.16790781,4.496320656,4.309353323,4.191423067,4.247727833,4.34186959,4.577997034,4.27480419
GO:0016987,3.243534102,4.329174063,4.550790737,4.212347438,4.081347308,4.525834893,4.456107809,4.003158834,4.197390841,4.36051768,4.342481899,4.095587747,4.2955671,4.434536969,4.419790586,4.702163329,4.34427435,4.626247954,4.196977135,4.473983023,4.667088553,4.327644964,4.502399805,4.139942023,4.065579715,4.277975746,4.188928484,4.381800743,4.010808598,4.433513821,4.365937023,3.952937668,4.093736785,4.261215272,3.404491618,4.387265216,4.128334637,4.177882643,4.393066035,4.030235296,4.468524557,4.17368149,4.426706406,4.503954023,4.213438063,4.44046827,4.287084776,4.211761094,3.229937686,4.216851783,4.476599788,4.150387977,4.334654767,4.100680645,3.936664513,4.018159374,4.335578243,4.319980017,4.018076064,4.229451454,4.166104345,4.377142267,4.021602716,4.241944733,4.32467335,4.268273672,4.260405332,4.234795588,4.538133687,4.350364332,4.457745685,4.32621293,4.057361763,4.26803945,4.229733023,4.205664407,4.008174184,4.292876049,4.445012288,4.195346058,5.021565525,4.340820737,4.285489797,4.492201451,4.269442891,4.436480695,4.562126254,4.224377652,4.20588073,4.41939394,4.229502662,4.26245109,3.915083102,4.317896266,4.508543185,4.397905264,3.460897843,4.199233931,4.142045148,4.141387055,4.268133154,4.176987875,4.327440676,4.329357194,4.344824388,4.439048335,4.276231958,4.199782594,4.223469981,4.433929766,4.20709554,4.357153176,4.129109586,4.317269187,4.369976135,4.333689042,4.551376796,4.353839324,4.369382862,4.412258894,4.351680377,4.373059196,4.468317786,4.120771293,3.994229141,4.382971081,4.258613341,4.777818164,4.009875634,4.537428684,4.195844325,4.107142106,4.306317781,4.451786436,4.535002804,4.242740145
GO:0016747,3.338456494,4.215690426,4.31993844,4.391605451,4.181071458,4.464251022,4.346352974,4.186023493,4.114544267,4.261619677,4.293185707,4.217983753,4.425892724,4.270795253,4.281510601,4.630580411,4.104828404,4.483786927,4.171404635,4.315529533,4.465843673,4.208145635,4.315529533,4.229169703,4.243682807,4.42401545,4.35679046,4.52960999,4.116242358,4.388261101,4.208064948,4.03120642,4.221179421,4.256116147,3.476251796,4.381115081,4.253047086,4.079398339,4.457230724,4.100163689,4.416374192,4.318042455,4.375700185,4.283120235,4.211787763,4.534952121,4.39376818,4.305544824,3.331022171,4.369864958,4.338536173,4.15896526,4.257558587,3.961610908,4.035589817,4.216429831,4.263138771,4.199426042,4.127007557,4.398131056,4.24127247,4.255947549,4.133858125,4.237594001,4.198272098,4.121559844,4.35615976,4.210639506,4.408680822,4.222872477,4.3159074,4.365263292,4.238422496,4.39267937,4.380609163,4.370568599,4.09805504,4.285039447,4.326479236,4.095692283,5.189521193,4.168143775,4.3733902,4.44903076,4.335919031,4.243608461,4.468893548,4.305652261,4.079289806,4.555094449,4.339749482,4.132387781,3.904174368,4.425632024,4.353954679,4.468125695,3.575303333,4.379033432,4.101162582,4.204418458,4.194097886,4.333124709,4.214896808,4.405363438,4.280965148,4.302893458,4.391905007,4.337698806,4.355968458,4.264676182,4.279415966,4.325618273,4.027594212,4.152869054,4.209970517,4.295369149,4.388793672,4.388420941,4.245537343,4.31868927,4.467859583,4.510786218,4.389732956,4.217194318,4.017575868,4.292167431,4.119717659,4.646687934,4.16669647,4.412073963,4.308500385,4.278044437,4.163429743,4.243831462,4.689193387,4.16917462
GO:0016620,3.283753383,4.35431977,4.425811272,4.363122888,4.096284178,4.509820582,4.457775958,4.082462221,4.178890655,4.281646858,4.25362873,4.140979163,4.310608356,4.34715431,4.340364784,4.653656232,4.211494312,4.587441552,4.152960674,4.374161561,4.504049277,4.242069112,4.480983725,4.119684692,4.117403884,4.306489363,4.232919912,4.423376962,4.059298292,4.429041328,4.303973203,3.948119424,4.182927969,4.243633245,3.427486109,4.367989194,4.166459717,4.08228259,4.390723204,4.001820217,4.449293225,4.190695792,4.436846162,4.406318719,4.191395117,4.457351946,4.382377303,4.18235758,3.280350693,4.265713811,4.39537882,4.156276496,4.300552009,3.966141733,3.945714714,4.121855182,4.283708189,4.224429462,4.063408425,4.231622484,4.171755698,4.287264126,4.009663317,4.269185933,4.299964669,4.232462439,4.240574207,4.114711041,4.46799266,4.291057894,4.409036572,4.296511625,4.129432074,4.256453145,4.305308368,4.230244499,4.053616174,4.301550837,4.452093249,4.180527283,5.151902813,4.258589398,4.296358005,4.496195984,4.332297039,4.3478762,4.532397627,4.250078288,4.162982371,4.524616784,4.268765127,4.236360888,3.831101565,4.327461109,4.437369992,4.393820795,3.489395922,4.233884109,4.117238142,4.176901186,4.221127222,4.209059034,4.305501841,4.301420685,4.30489964,4.34208696,4.303498446,4.263683401,4.262332414,4.338277161,4.253507618,4.373573981,4.113441954,4.311308746,4.254644737,4.309118932,4.464370301,4.334312985,4.332499055,4.335217116,4.347934679,4.387354227,4.455286549,4.159386701,3.870988814,4.392485909,4.233605219,4.72850799,4.0801212,4.490253531,4.221596786,4.144044637,4.245537343,4.343979399,4.594988881,4.296050602
GO:0004427,3.27600199,4.230397825,4.356809558,4.371511171,4.13120149,4.442808893,4.338795032,4.114444172,4.110724354,4.245808677,4.255634266,4.185513824,4.353011711,4.265619583,4.285287197,4.602569988,4.062243441,4.498847919,4.189883163,4.328399992,4.464161542,4.234162819,4.314730734,4.190415747,4.199014271,4.403977964,4.293163596,4.493806462,4.115210977,4.363912686,4.216957207,3.926908102,4.261072451,4.221153322,3.424881637,4.346900388,4.216350669,4.073681699,4.45007967,4.098505283,4.409256652,4.307217829,4.343585821,4.287353773,4.203060098,4.467356482,4.341355375,4.302395873,3.240549248,4.311626732,4.350461236,4.134463992,4.242268045,3.930286647,4.003029471,4.147552664,4.27251459,4.17577266,4.114811074,4.368472838,4.207876622,4.256741793,4.106666762,4.213252052,4.202024895,4.132579848,4.337399354,4.058691683,4.39376818,4.221544637,4.356217134,4.343605508,4.185145358,4.290390809,4.349063728,4.288830281,4.058539898,4.247383993,4.335217116,4.093281568,5.149843924,4.192762535,4.32678631,4.445899859,4.33405144,4.243955302,4.495155657,4.298656617,4.061339367,4.556652208,4.318751814,4.141167469,3.861952375,4.369475614,4.355221572,4.409273577,3.516667559,4.300160537,4.109105864,4.189069009,4.169909442,4.236386089,4.188253327,4.348110068,4.318981064,4.286209386,4.345177617,4.291879224,4.308414999,4.285534806,4.23009112,4.318084214,4.008855564,4.161757195,4.166844376,4.319501639,4.3602904,4.347895693,4.26011911,4.278959271,4.380591083,4.432038808,4.363104066,4.132355762,3.842422003,4.279986161,4.108463541,4.676025654,4.091666958,4.416956545,4.241247551,4.245562017,4.156761098,4.260190683,4.523512353,4.180240601
GO:0005509,3.432006687,4.31122391,4.366478992,4.322364035,4.176669933,4.343290402,4.32378819,4.429477732,4.185117001,4.224222186,4.288338669,4.152716311,4.187492519,4.290079152,4.292898175,4.241745653,4.255489598,4.42975228,4.250639534,4.30864977,4.418019406,4.460446784,4.229784198,4.217615529,4.530250939,4.595848805,4.237015629,4.504294118,3.996905511,4.062055247,4.210986974,3.673481697,4.002900069,4.280487314,3.588495801,4.408799438,4.056218581,4.151553705,4.463698931,4.330434067,4.498255402,4.385606274,4.154728207,4.286905353,4.329824844,4.25229464,4.162355274,4.311584347,3.414304688,4.184776578,4.357153176,4.094261443,4.267828542,4.021644036,3.957559402,4.500209022,4.347583686,4.154423973,4.098885894,4.519026894,4.136593747,4.316934374,4.204445581,4.155244917,4.150480122,4.099749681,4.31983448,4.191534847,4.334312985,4.343014497,4.352606954,4.366721724,4.516654342,4.169586273,4.215769708,4.486657131,3.811105607,3.965577958,4.239224378,4.103187749,5.075313328,4.162833144,4.458834181,4.360971884,4.395448712,4.253701381,4.646207612,4.434025696,4.060055365,4.252416091,4.236638014,4.150664354,3.992950961,4.219636911,4.323746976,4.444606828,3.514946005,4.235023159,4.202215776,4.046885191,4.184606267,4.161278139,4.18920949,4.558264451,4.39081151,4.262047459,4.289722698,4.345334515,4.242541428,4.352568386,4.352780468,4.143451999,4.046924174,4.146871903,3.999782798,4.415490852,4.327747071,4.28526468,4.15283851,4.302114377,4.313719619,4.295039029,4.308436347,4.267922292,3.991491889,4.207795885,4.03193334,4.592742859,4.1771612,4.354626977,4.402914483,4.239849821,4.145165317,4.275011738,4.41447195,4.049140463
